{"cameraMode":{"drawMode":0,"name":"Shaded","section":"Shading Mode"},"sceneLighting":false,"audioPlay":false,"sceneViewState":{"showFog":false,"showMaterialUpdate":false,"showSkybox":false,"showFlares":false,"showImageEffects":false,"showParticleSystems":true},"in2DMode":false,"pivot":{"x":-27.562294006347658,"y":1.0960898399353028,"z":-28.03057289123535},"rotation":{"x":0.035037826746702197,"y":0.9634500741958618,"z":-0.15834814310073853,"w":0.2132185995578766},"size":3.023716449737549,"orthographic":false}