{"cameraMode":{"drawMode":0,"name":"Shaded","section":"Shading Mode"},"sceneLighting":false,"audioPlay":false,"sceneViewState":{"showFog":false,"showMaterialUpdate":false,"showSkybox":false,"showFlares":false,"showImageEffects":false,"showParticleSystems":false},"in2DMode":false,"pivot":{"x":14.59000015258789,"y":1.870081901550293,"z":-3.5500001907348635},"rotation":{"x":-0.12047262489795685,"y":0.7439544200897217,"z":-0.1395227313041687,"w":-0.6423017382621765},"size":4.666905403137207,"orthographic":false}