{"cameraMode":{"drawMode":0,"name":"Shaded","section":"Shading Mode"},"sceneLighting":false,"audioPlay":false,"sceneViewState":{"showFog":false,"showMaterialUpdate":false,"showSkybox":false,"showFlares":false,"showImageEffects":false,"showParticleSystems":false},"in2DMode":false,"pivot":{"x":-13.350001335144043,"y":33.650001525878909,"z":0.0},"rotation":{"x":-0.029266297817230226,"y":-0.42879587411880495,"z":0.013883152976632119,"w":-0.9028205275535584},"size":1.9669058322906495,"orthographic":false}