{"cameraMode":{"drawMode":0,"name":"Shaded","section":"Shading Mode"},"sceneLighting":false,"audioPlay":false,"sceneViewState":{"showFog":false,"showMaterialUpdate":false,"showSkybox":false,"showFlares":false,"showImageEffects":false,"showParticleSystems":false},"in2DMode":false,"pivot":{"x":-50.28997802734375,"y":-2.9599990844726564,"z":9.90999984741211},"rotation":{"x":-0.0057332017458975319,"y":0.9937209486961365,"z":-0.06058947741985321,"w":-0.09388766437768936},"size":3.0157666206359865,"orthographic":false}