{"cameraMode":{"drawMode":0,"name":"Shaded","section":"Shading Mode"},"sceneLighting":true,"audioPlay":false,"sceneViewState":{"showFog":false,"showMaterialUpdate":false,"showSkybox":false,"showFlares":false,"showImageEffects":false,"showParticleSystems":true},"in2DMode":false,"pivot":{"x":0.7256672382354736,"y":0.5016254186630249,"z":29.998624801635743},"rotation":{"x":0.46813416481018069,"y":-0.15746410191059113,"z":0.08518607169389725,"w":0.8653315901756287},"size":12.409957885742188,"orthographic":false}