{"cameraMode":{"drawMode":0,"name":"Shaded","section":"Shading Mode"},"sceneLighting":false,"audioPlay":false,"sceneViewState":{"showFog":false,"showMaterialUpdate":false,"showSkybox":false,"showFlares":false,"showImageEffects":false,"showParticleSystems":false},"in2DMode":false,"pivot":{"x":1.3388547897338868,"y":26.281307220458986,"z":-41.88467025756836},"rotation":{"x":-0.09779775142669678,"y":0.7703757882118225,"z":-0.12186519056558609,"w":-0.6181469559669495},"size":4.666904449462891,"orthographic":false}