{"cameraMode":{"drawMode":0,"name":"Shaded","section":"Shading Mode"},"sceneLighting":false,"audioPlay":false,"sceneViewState":{"showFog":false,"showMaterialUpdate":false,"showSkybox":false,"showFlares":false,"showImageEffects":false,"showParticleSystems":false},"in2DMode":false,"pivot":{"x":-0.4322270154953003,"y":0.7045770883560181,"z":0.25811129808425906},"rotation":{"x":0.29069948196411135,"y":0.2930966317653656,"z":-0.09405039250850678,"w":0.9059485197067261},"size":4.879764080047607,"orthographic":false}